region,activity_count_Internal medicine / pneumology,unique_hcp_count_Internal medicine / pneumology,activity_count_Internal medicine,nr_interactions_Internal medicine,nr_interactions_Internal medicine / pneumology,nr_interactions_General practicioner,activity_count_General practicioner,unique_hcp_count_General practicioner,unique_hcp_count_Internal medicine
region_0,45.0,13.0,10.0,10.0,65.0,23.0,23.0,20.0,9.0
region_1,61.0,7.0,56.0,66.0,73.0,163.0,157.0,66.0,19.0
region_10,3.0,1.0,10.0,10.0,5.0,23.0,23.0,19.0,8.0
region_100,30.0,5.0,45.0,49.0,43.0,151.0,145.0,77.0,22.0
region_101,2.0,1.0,19.0,20.0,2.0,38.0,38.0,28.0,13.0
region_102,48.0,17.0,25.0,27.0,55.0,22.0,20.0,19.0,19.0
region_103,29.0,11.0,15.0,16.0,37.0,11.0,8.0,8.0,14.0
region_104,44.0,6.0,53.0,58.0,54.0,197.0,182.0,61.0,16.0
region_105,47.0,10.0,23.0,23.0,65.0,13.0,13.0,11.0,16.0
region_106,108.0,23.0,31.0,38.0,157.0,76.0,68.0,29.0,16.0
region_107,55.0,10.0,81.0,88.0,64.0,88.0,86.0,53.0,43.0
region_108,73.0,16.0,32.0,34.0,104.0,93.0,85.0,43.0,19.0
region_109,36.0,8.0,51.0,52.0,36.0,37.0,37.0,23.0,24.0
region_11,3.0,1.0,3.0,4.0,3.0,4.0,4.0,4.0,3.0
region_110,12.0,2.0,39.0,40.0,17.0,58.0,57.0,38.0,26.0
region_111,5.0,4.0,17.0,17.0,7.0,51.0,51.0,42.0,17.0
region_112,4.0,1.0,24.0,27.0,4.0,124.0,118.0,58.0,12.0
region_113,16.0,4.0,7.0,10.0,19.0,6.0,6.0,5.0,2.0
region_114,24.0,14.0,25.0,27.0,30.0,39.0,39.0,34.0,14.0
region_115,27.0,7.0,120.0,122.0,30.0,185.0,183.0,88.0,43.0
region_116,23.0,5.0,15.0,15.0,39.0,48.0,47.0,29.0,10.0
region_117,34.0,12.0,5.0,6.0,38.0,10.0,9.0,9.0,5.0
region_118,4.0,3.0,20.0,20.0,4.0,44.0,44.0,28.0,10.0
region_119,24.0,5.0,40.0,40.0,24.0,50.0,50.0,34.0,18.0
region_12,13.0,5.0,2.0,2.0,18.0,36.0,36.0,32.0,2.0
region_120,34.0,6.0,23.0,25.0,40.0,38.0,37.0,21.0,15.0
region_121,19.0,7.0,8.0,8.0,24.0,36.0,36.0,36.0,8.0
region_122,48.0,13.0,27.0,28.0,54.0,67.0,66.0,44.0,23.0
region_123,24.0,14.0,19.0,21.0,28.0,47.0,45.0,30.0,12.0
region_124,28.0,6.0,13.0,14.0,35.0,27.0,23.0,20.0,12.0
region_125,23.0,5.0,7.0,7.0,27.0,33.0,31.0,23.0,6.0
region_126,93.0,14.0,15.0,20.0,123.0,1.0,1.0,1.0,4.0
region_127,29.0,13.0,38.0,39.0,30.0,71.0,71.0,56.0,24.0
region_128,64.0,9.0,72.0,76.0,105.0,105.0,100.0,52.0,32.0
region_129,13.0,5.0,18.0,19.0,16.0,46.0,46.0,28.0,13.0
region_13,12.0,4.0,7.0,7.0,17.0,61.0,61.0,50.0,5.0
region_130,31.0,7.0,50.0,51.0,40.0,107.0,106.0,42.0,19.0
region_131,57.0,9.0,93.0,95.0,60.0,160.0,154.0,63.0,28.0
region_132,80.0,17.0,95.0,114.0,143.0,135.0,126.0,80.0,41.0
region_133,11.0,3.0,20.0,21.0,11.0,34.0,34.0,22.0,12.0
region_134,70.0,14.0,5.0,5.0,86.0,14.0,13.0,11.0,5.0
region_135,35.0,11.0,7.0,8.0,46.0,23.0,23.0,16.0,6.0
region_136,0.0,0.0,1.0,1.0,0.0,3.0,3.0,3.0,1.0
region_137,12.0,5.0,9.0,9.0,12.0,18.0,18.0,18.0,8.0
region_138,37.0,7.0,16.0,16.0,42.0,58.0,58.0,32.0,7.0
region_139,7.0,2.0,1.0,1.0,8.0,11.0,11.0,9.0,1.0
region_14,13.0,5.0,5.0,5.0,14.0,1.0,1.0,1.0,3.0
region_140,12.0,9.0,24.0,25.0,12.0,105.0,103.0,67.0,14.0
region_141,4.0,2.0,0.0,0.0,6.0,1.0,1.0,1.0,0.0
region_142,66.0,12.0,39.0,43.0,78.0,15.0,14.0,12.0,28.0
region_143,28.0,4.0,15.0,15.0,37.0,59.0,55.0,21.0,9.0
region_144,7.0,1.0,8.0,9.0,11.0,5.0,5.0,1.0,1.0
region_145,33.0,9.0,6.0,7.0,36.0,9.0,9.0,7.0,4.0
region_146,14.0,4.0,25.0,28.0,15.0,69.0,66.0,42.0,18.0
region_147,37.0,11.0,7.0,8.0,42.0,19.0,17.0,17.0,6.0
region_148,28.0,7.0,8.0,10.0,30.0,34.0,32.0,30.0,6.0
region_149,27.0,9.0,12.0,12.0,34.0,7.0,7.0,7.0,7.0
region_15,20.0,5.0,26.0,28.0,21.0,100.0,94.0,72.0,18.0
region_150,30.0,8.0,90.0,93.0,39.0,173.0,169.0,107.0,50.0
region_151,12.0,6.0,18.0,18.0,17.0,20.0,20.0,16.0,13.0
region_152,13.0,5.0,23.0,23.0,13.0,44.0,42.0,26.0,14.0
region_153,48.0,14.0,17.0,18.0,59.0,38.0,37.0,27.0,13.0
region_154,73.0,14.0,29.0,29.0,86.0,36.0,36.0,25.0,22.0
region_155,8.0,4.0,20.0,21.0,10.0,35.0,35.0,29.0,14.0
region_156,42.0,4.0,71.0,74.0,63.0,81.0,80.0,40.0,31.0
region_157,28.0,10.0,26.0,32.0,33.0,63.0,57.0,35.0,17.0
region_158,27.0,6.0,22.0,27.0,30.0,34.0,29.0,24.0,17.0
region_159,51.0,10.0,14.0,16.0,59.0,52.0,48.0,20.0,10.0
region_16,52.0,9.0,20.0,21.0,69.0,32.0,31.0,15.0,10.0
region_160,63.0,10.0,57.0,61.0,92.0,52.0,52.0,30.0,25.0
region_161,13.0,4.0,8.0,8.0,13.0,9.0,9.0,9.0,8.0
region_162,24.0,7.0,39.0,41.0,26.0,80.0,75.0,46.0,25.0
region_163,69.0,11.0,21.0,21.0,93.0,47.0,47.0,30.0,19.0
region_164,120.0,14.0,81.0,90.0,183.0,33.0,33.0,18.0,30.0
region_165,54.0,13.0,17.0,17.0,65.0,39.0,39.0,34.0,15.0
region_166,10.0,3.0,10.0,10.0,15.0,24.0,24.0,19.0,7.0
region_167,31.0,9.0,49.0,59.0,42.0,37.0,31.0,24.0,20.0
region_168,18.0,7.0,68.0,77.0,21.0,145.0,132.0,70.0,41.0
region_169,28.0,4.0,14.0,14.0,30.0,75.0,68.0,19.0,7.0
region_17,28.0,6.0,36.0,36.0,32.0,88.0,87.0,56.0,30.0
region_170,58.0,18.0,13.0,15.0,80.0,48.0,38.0,32.0,12.0
region_171,4.0,2.0,24.0,28.0,4.0,61.0,50.0,32.0,10.0
region_172,34.0,9.0,37.0,37.0,34.0,48.0,48.0,31.0,17.0
region_173,53.0,9.0,70.0,75.0,61.0,190.0,174.0,89.0,45.0
region_174,15.0,5.0,2.0,2.0,19.0,25.0,25.0,18.0,1.0
region_175,29.0,10.0,13.0,16.0,33.0,6.0,6.0,4.0,5.0
region_176,37.0,9.0,6.0,8.0,46.0,23.0,22.0,15.0,6.0
region_177,48.0,9.0,41.0,44.0,67.0,126.0,120.0,43.0,16.0
region_178,7.0,4.0,9.0,9.0,11.0,35.0,33.0,27.0,7.0
region_179,99.0,21.0,51.0,57.0,119.0,54.0,53.0,40.0,37.0
region_18,2.0,1.0,1.0,1.0,2.0,2.0,2.0,2.0,1.0
region_180,18.0,5.0,8.0,10.0,21.0,76.0,71.0,23.0,4.0
region_181,23.0,7.0,26.0,27.0,28.0,78.0,74.0,44.0,16.0
region_182,34.0,8.0,15.0,19.0,57.0,61.0,51.0,38.0,13.0
region_183,13.0,2.0,22.0,23.0,14.0,31.0,31.0,22.0,10.0
region_184,36.0,6.0,24.0,25.0,44.0,82.0,80.0,35.0,12.0
region_185,48.0,15.0,80.0,83.0,51.0,94.0,92.0,44.0,33.0
region_186,25.0,4.0,9.0,12.0,36.0,13.0,13.0,8.0,3.0
region_187,9.0,4.0,42.0,46.0,15.0,139.0,130.0,64.0,24.0
region_188,32.0,8.0,74.0,76.0,34.0,202.0,199.0,117.0,45.0
region_189,81.0,20.0,29.0,30.0,90.0,37.0,34.0,26.0,23.0
region_19,74.0,14.0,43.0,45.0,87.0,96.0,92.0,62.0,33.0
region_190,73.0,12.0,18.0,20.0,101.0,48.0,46.0,30.0,13.0
region_191,89.0,20.0,19.0,19.0,96.0,20.0,20.0,13.0,13.0
region_192,42.0,6.0,21.0,21.0,55.0,64.0,63.0,34.0,14.0
region_193,10.0,4.0,5.0,5.0,12.0,27.0,24.0,19.0,5.0
region_194,29.0,8.0,31.0,31.0,31.0,47.0,47.0,38.0,23.0
region_195,2.0,1.0,2.0,2.0,2.0,12.0,12.0,12.0,2.0
region_196,24.0,5.0,59.0,61.0,30.0,153.0,129.0,56.0,34.0
region_197,9.0,4.0,3.0,3.0,12.0,12.0,11.0,8.0,2.0
region_198,25.0,6.0,29.0,29.0,29.0,112.0,111.0,49.0,13.0
region_199,36.0,5.0,16.0,16.0,41.0,28.0,27.0,18.0,10.0
region_2,6.0,2.0,16.0,17.0,6.0,67.0,62.0,46.0,12.0
region_20,26.0,9.0,57.0,62.0,29.0,85.0,77.0,47.0,34.0
region_200,16.0,3.0,50.0,55.0,18.0,238.0,201.0,105.0,30.0
region_21,28.0,13.0,14.0,15.0,31.0,46.0,43.0,30.0,11.0
region_22,8.0,4.0,17.0,17.0,8.0,53.0,52.0,33.0,13.0
region_23,44.0,10.0,0.0,0.0,58.0,0.0,0.0,0.0,0.0
region_24,62.0,17.0,41.0,43.0,76.0,113.0,106.0,63.0,25.0
region_25,18.0,5.0,14.0,16.0,22.0,75.0,69.0,38.0,9.0
region_26,15.0,3.0,34.0,36.0,15.0,49.0,48.0,22.0,16.0
region_27,36.0,8.0,39.0,40.0,38.0,103.0,100.0,58.0,27.0
region_28,7.0,2.0,2.0,2.0,8.0,2.0,2.0,1.0,1.0
region_29,13.0,4.0,37.0,37.0,14.0,96.0,96.0,44.0,16.0
region_3,80.0,10.0,26.0,27.0,125.0,72.0,67.0,29.0,13.0
region_30,37.0,9.0,20.0,20.0,45.0,47.0,46.0,31.0,18.0
region_31,23.0,5.0,28.0,29.0,28.0,23.0,23.0,16.0,18.0
region_32,21.0,5.0,21.0,23.0,22.0,50.0,48.0,22.0,12.0
region_33,73.0,11.0,103.0,116.0,119.0,235.0,210.0,69.0,31.0
region_34,38.0,14.0,1.0,1.0,46.0,12.0,9.0,4.0,1.0
region_35,44.0,10.0,36.0,36.0,54.0,53.0,53.0,32.0,22.0
region_36,13.0,9.0,23.0,23.0,14.0,46.0,46.0,31.0,16.0
region_37,15.0,4.0,3.0,3.0,20.0,4.0,4.0,4.0,3.0
region_38,19.0,6.0,36.0,44.0,22.0,131.0,116.0,41.0,15.0
region_39,42.0,8.0,39.0,42.0,54.0,71.0,68.0,43.0,18.0
region_4,10.0,5.0,8.0,8.0,11.0,32.0,31.0,28.0,6.0
region_40,22.0,9.0,26.0,26.0,24.0,59.0,59.0,52.0,21.0
region_41,70.0,9.0,11.0,11.0,89.0,11.0,11.0,8.0,11.0
region_42,6.0,3.0,11.0,12.0,6.0,54.0,48.0,31.0,9.0
region_43,39.0,13.0,2.0,2.0,45.0,2.0,2.0,2.0,2.0
region_44,28.0,6.0,11.0,11.0,33.0,17.0,17.0,15.0,9.0
region_45,67.0,15.0,40.0,40.0,91.0,75.0,75.0,53.0,24.0
region_46,20.0,4.0,21.0,28.0,21.0,21.0,21.0,13.0,7.0
region_47,102.0,20.0,48.0,50.0,137.0,63.0,56.0,37.0,30.0
region_48,37.0,10.0,27.0,29.0,46.0,69.0,69.0,53.0,15.0
region_49,17.0,5.0,39.0,40.0,27.0,82.0,80.0,63.0,27.0
region_5,7.0,4.0,5.0,5.0,9.0,32.0,31.0,29.0,4.0
region_50,28.0,6.0,10.0,11.0,38.0,8.0,7.0,3.0,3.0
region_51,19.0,5.0,36.0,37.0,22.0,69.0,69.0,56.0,29.0
region_52,27.0,9.0,21.0,24.0,42.0,79.0,70.0,49.0,14.0
region_53,10.0,4.0,13.0,13.0,12.0,31.0,28.0,25.0,12.0
region_54,46.0,7.0,46.0,47.0,57.0,75.0,75.0,67.0,37.0
region_55,44.0,9.0,19.0,25.0,59.0,19.0,18.0,13.0,13.0
region_56,3.0,1.0,15.0,16.0,3.0,23.0,23.0,21.0,12.0
region_57,32.0,4.0,38.0,39.0,51.0,71.0,59.0,37.0,19.0
region_58,23.0,2.0,40.0,41.0,33.0,97.0,92.0,37.0,15.0
region_59,28.0,7.0,15.0,16.0,33.0,59.0,55.0,38.0,11.0
region_6,19.0,3.0,19.0,20.0,26.0,69.0,64.0,41.0,13.0
region_60,19.0,5.0,25.0,29.0,24.0,46.0,41.0,19.0,13.0
region_61,59.0,14.0,40.0,43.0,72.0,63.0,53.0,30.0,22.0
region_62,20.0,6.0,2.0,2.0,21.0,0.0,0.0,0.0,1.0
region_63,78.0,20.0,10.0,10.0,125.0,24.0,23.0,14.0,7.0
region_64,40.0,6.0,36.0,40.0,43.0,66.0,66.0,32.0,20.0
region_65,3.0,2.0,14.0,16.0,3.0,60.0,58.0,29.0,9.0
region_66,40.0,9.0,32.0,33.0,48.0,83.0,81.0,34.0,13.0
region_67,83.0,14.0,17.0,17.0,111.0,25.0,17.0,5.0,7.0
region_68,17.0,4.0,61.0,62.0,21.0,109.0,109.0,64.0,38.0
region_69,154.0,17.0,56.0,57.0,175.0,182.0,175.0,87.0,25.0
region_7,80.0,22.0,54.0,56.0,92.0,127.0,118.0,73.0,38.0
region_70,39.0,7.0,24.0,24.0,41.0,70.0,69.0,44.0,17.0
region_71,9.0,6.0,45.0,47.0,11.0,81.0,81.0,62.0,31.0
region_72,40.0,8.0,34.0,36.0,53.0,97.0,92.0,57.0,22.0
region_73,33.0,6.0,3.0,3.0,41.0,8.0,8.0,6.0,3.0
region_74,28.0,4.0,44.0,44.0,34.0,121.0,121.0,64.0,21.0
region_75,45.0,9.0,48.0,48.0,55.0,63.0,63.0,41.0,26.0
region_76,2.0,2.0,1.0,1.0,2.0,1.0,1.0,1.0,1.0
region_77,11.0,6.0,2.0,2.0,13.0,7.0,7.0,7.0,2.0
region_78,133.0,26.0,50.0,54.0,173.0,85.0,82.0,41.0,26.0
region_79,140.0,13.0,64.0,76.0,195.0,43.0,42.0,27.0,23.0
region_8,22.0,8.0,13.0,15.0,29.0,10.0,10.0,9.0,9.0
region_80,31.0,7.0,65.0,72.0,37.0,76.0,73.0,43.0,35.0
region_81,4.0,1.0,13.0,15.0,4.0,61.0,57.0,39.0,12.0
region_82,6.0,3.0,22.0,24.0,7.0,45.0,41.0,29.0,14.0
region_83,57.0,8.0,78.0,85.0,74.0,242.0,236.0,72.0,27.0
region_84,40.0,4.0,60.0,73.0,55.0,43.0,42.0,33.0,26.0
region_85,25.0,6.0,33.0,37.0,26.0,145.0,145.0,66.0,11.0
region_86,21.0,5.0,90.0,105.0,32.0,252.0,214.0,90.0,39.0
region_87,19.0,6.0,10.0,10.0,21.0,33.0,30.0,21.0,10.0
region_88,20.0,8.0,27.0,27.0,21.0,63.0,63.0,43.0,22.0
region_89,39.0,7.0,77.0,84.0,49.0,122.0,115.0,61.0,37.0
region_9,42.0,9.0,42.0,45.0,56.0,62.0,58.0,40.0,22.0
region_90,60.0,17.0,61.0,65.0,61.0,121.0,117.0,75.0,39.0
region_91,29.0,4.0,97.0,105.0,36.0,242.0,229.0,101.0,49.0
region_92,1.0,1.0,2.0,2.0,1.0,0.0,0.0,0.0,1.0
region_93,13.0,6.0,8.0,8.0,17.0,6.0,5.0,5.0,6.0
region_94,44.0,11.0,28.0,28.0,50.0,6.0,6.0,6.0,14.0
region_95,78.0,13.0,67.0,71.0,93.0,71.0,69.0,51.0,38.0
region_96,63.0,13.0,84.0,87.0,88.0,244.0,235.0,81.0,30.0
region_97,35.0,9.0,42.0,44.0,39.0,55.0,53.0,36.0,25.0
region_98,33.0,7.0,20.0,25.0,40.0,109.0,98.0,55.0,14.0
region_99,4.0,3.0,0.0,0.0,4.0,0.0,0.0,0.0,0.0
